Peptide,UniProt id,Start position,End position,Intensity 1
ADEAGSEADHEGTHST,P02671,604.0,619.0,1.3333333333333333
ADEAGSEADHEGTHSTKR,P02671,604.0,621.0,2.3333333333333335
ADSGEGDFLAEGGGVR,P02671,20.0,35.0,7.666666666666667
ALTDMPQMR,P02671,250.0,258.0,1.3333333333333333
DEAGSEADHEGTHST,P02671,605.0,619.0,6.0
DEAGSEADHEGTHSTK,P02671,605.0,620.0,1.6666666666666667
DEAGSEADHEGTHSTKR,P02671,605.0,621.0,4.0
DEAGSEADHEGTHSTKRGHA,P02671,605.0,624.0,1.3333333333333333
DFLAEGGGVR,P02671,26.0,35.0,1.3333333333333333
DLGTLSGIGTLDGFR,P02671,496.0,510.0,3.0
DSGEGDFLAEGGGVR,P02671,21.0,35.0,8.666666666666666
DSHSLTTNIMEILR,P02671,101.0,114.0,5.333333333333333
EAGSEADHEGTHSTKR,P02671,606.0,621.0,1.3333333333333333
EEVSGNVSPGTR,P02671,414.0,425.0,1.3333333333333333
EFVSETESR,P02671,539.0,547.0,1.3333333333333333
EGDFLAEGGGVR,P02671,24.0,35.0,5.333333333333333
EKVTSGSTTTTR,P02671,447.0,458.0,2.6666666666666665
ELERPGGNEI,P02671,260.0,269.0,7.0
ELERPGGNEIT,P02671,260.0,270.0,2.6666666666666665
ELERPGGNEITR,P02671,260.0,271.0,8.0
ERPGGNEITR,P02671,262.0,271.0,7.666666666666667
ESSSHHPGIAEFPS,P02671,559.0,572.0,1.3333333333333333
ESSSHHPGIAEFPSR,P02671,559.0,573.0,1.3333333333333333
ESSSHHPGIAEFPSRG,P02671,559.0,574.0,2.3333333333333335
EYHTEKLV,P02671,427.0,434.0,1.3333333333333333
GDFLAEGGGVR,P02671,25.0,35.0,5.333333333333333
GEFVSETESR,P02671,538.0,547.0,1.3333333333333333
GEGDFLAEGGGVR,P02671,23.0,35.0,3.0
GGSTSYGTGSETESPR,P02671,272.0,287.0,1.3333333333333333
GIAEFPSRG,P02671,566.0,574.0,1.3333333333333333
GSAGHWTSESSV,P02671,368.0,379.0,1.3333333333333333
GSESGIFTNTKESS,P02671,548.0,561.0,1.3333333333333333
GSESGIFTNTKESSSHHPGIAEFPSRG,P02671,548.0,574.0,2.6666666666666665
GTGSETESPRNPS,P02671,278.0,290.0,2.6666666666666665
HHPGIAEFPS,P02671,563.0,572.0,1.3333333333333333
HPGIAEFPSRG,P02671,564.0,574.0,2.6666666666666665
HRHPDEAAF,P02671,511.0,519.0,1.3333333333333333
HRHPDEAAFFDTASTGK,P02671,511.0,527.0,1.3333333333333333
HTEKLVTS,P02671,429.0,436.0,1.3333333333333333
HTEKLVTSKGDKEL,P02671,429.0,442.0,1.3333333333333333
HWTSESSV,P02671,372.0,379.0,1.3333333333333333
IAEFPSRG,P02671,567.0,574.0,1.3333333333333333
IGPDGHKEV,P02671,470.0,478.0,1.6666666666666667
IGPDGHKEVT,P02671,470.0,479.0,2.6666666666666665
KPVPDLVPGN,P02671,227.0,236.0,1.3333333333333333
KPVPDLVPGNF,P02671,227.0,237.0,4.0
LERPGGNEITR,P02671,261.0,271.0,7.666666666666667
LGEFVSETESR,P02671,537.0,547.0,1.3333333333333333
LGTLSGIGTLDGFR,P02671,497.0,510.0,6.666666666666667
LSGIGTLDGFR,P02671,500.0,510.0,2.6666666666666665
LVTSKGDKEL,P02671,433.0,442.0,5.0
MADEAGSEADHEGTHSTKR,P02671,603.0,621.0,5.333333333333333
MELERPGGNEI,P02671,259.0,269.0,4.666666666666667
MELERPGGNEIT,P02671,259.0,270.0,20.666666666666668
MELERPGGNEITR,P02671,259.0,271.0,30.666666666666668
NPGSSGTGGTATWK,P02671,309.0,322.0,1.3333333333333333
NRGDSTFESKS,P02671,590.0,600.0,1.6666666666666667
PNNPDWGTFEEV,P02671,405.0,416.0,1.3333333333333333
QFTSSTSYNR,P02671,582.0,591.0,1.3333333333333333
REYHTEKL,P02671,426.0,433.0,1.3333333333333333
REYHTEKLVT,P02671,426.0,435.0,1.3333333333333333
REYHTEKLVTS,P02671,426.0,436.0,3.0
REYHTEKLVTSKGDKEL,P02671,426.0,442.0,4.333333333333333
SAGHWTSESSV,P02671,369.0,379.0,1.3333333333333333
SESGSFRPDSPGSGNA,P02671,388.0,403.0,1.3333333333333333
SETESRGSESGIFT,P02671,542.0,555.0,1.3333333333333333
SGEGDFLAEGGGVR,P02671,22.0,35.0,4.333333333333333
SGIGTLDGFR,P02671,501.0,510.0,1.3333333333333333
SHHPGIAEFPS,P02671,562.0,572.0,3.6666666666666665
SHHPGIAEFPSRG,P02671,562.0,574.0,2.6666666666666665
SHSLTTNIMEILR,P02671,102.0,114.0,5.333333333333333
SLTTNIMEILR,P02671,104.0,114.0,3.0
SSHHPGIAEFPS,P02671,561.0,572.0,2.0
SSHHPGIAEFPSRG,P02671,561.0,574.0,2.6666666666666665
SSSHHPGIAEFPSRG,P02671,560.0,574.0,1.3333333333333333
SSSYSKQFT,P02671,576.0,584.0,1.3333333333333333
SYKMADEAGSEADHEGTHSTKR,P02671,600.0,621.0,1.3333333333333333
TGKEKVTSGSTTTT,P02671,444.0,457.0,2.0
TGKEKVTSGSTTTTR,P02671,444.0,458.0,5.0
TLSGIGTLDGFR,P02671,499.0,510.0,2.6666666666666665
TRGGSTSYGTGSETESPRNPS,P02671,270.0,290.0,1.3333333333333333
TTNIMEILR,P02671,106.0,114.0,1.3333333333333333
TVIGPDGH,P02671,468.0,475.0,1.6666666666666667
TVIGPDGHKEV,P02671,468.0,478.0,1.3333333333333333
TVIGPDGHKEVT,P02671,468.0,479.0,3.6666666666666665
TVIGPDGHKEVTKE,P02671,468.0,481.0,1.3333333333333333
VPDLVPGNF,P02671,229.0,237.0,1.3333333333333333
VTSKGDKEL,P02671,434.0,442.0,3.0
VTSKGDKELR,P02671,434.0,443.0,1.6666666666666667
YGTGSETESPR,P02671,277.0,287.0,1.3333333333333333
YGTGSETESPRNPS,P02671,277.0,290.0,1.3333333333333333
